strategy,final_portfolio_value,total_return_%,sharpe_ratio_annualized
A2C_Advanced,67.12552078322146,130.9099442147281,0.971876935387508
TA_RSI,75.43327927130342,159.48840478604546,1.1112991165846304
TA_MACD,59.58884423884627,104.98398430975668,1.1627507421475285
TA_SMA_Crossover,54.397902363566565,87.12728711237207,0.7345520939946714
TA_Stochastic,78.78830328389859,171.02959505985064,1.0416462470510262
TA_All_Signals,40.27387024514372,38.541005315251866,0.7756768679723633
Buy_and_Hold,232.139999,698.555208118335,1.6822820170889285
